{
  "best_epoch": 4,
  "best_val_rmse": 5.692953586578369,
  "dataset": "uci_gas_turbine_co_nox",
  "name": "gas_turbine_mlp_joint_seed44",
  "seed": 44,
  "test_mae": 5.985962867736816,
  "test_mae_co": 0.8068723678588867,
  "test_mae_nox": 11.16505241394043,
  "test_mean_nll": 8.640109430529618,
  "test_r2": 0.11791282892227173,
  "test_r2_co": 0.5987621545791626,
  "test_r2_nox": -0.36293649673461914,
  "test_rmse": 8.786073684692383,
  "test_rmse_co": 1.386813998222351,
  "test_rmse_nox": 12.347746849060059,
  "test_rows": 14542,
  "train_rows": 17753,
  "val_mae": 3.1470649242401123,
  "val_mae_co": 0.7187487483024597,
  "val_mae_nox": 5.5753865242004395,
  "val_mean_nll": 5.098442841191763,
  "val_r2": 0.39675453305244446,
  "val_r2_co": 0.5200483798980713,
  "val_r2_nox": 0.2734606862068176,
  "val_rmse": 5.692953586578369,
  "val_rmse_co": 1.3227699995040894,
  "val_rmse_nox": 7.941643238067627,
  "val_rows": 4438,
  "variant": "mlp_joint"
}
