{
  "best_epoch": 8,
  "best_val_rmse": 5.575414657592773,
  "dataset": "uci_gas_turbine_co_nox",
  "name": "gas_turbine_mlp_joint_seed42",
  "seed": 42,
  "test_mae": 5.879736423492432,
  "test_mae_co": 0.8656069040298462,
  "test_mae_nox": 10.8938570022583,
  "test_mean_nll": 8.588865725337229,
  "test_r2": 0.14307689666748047,
  "test_r2_co": 0.5807113647460938,
  "test_r2_nox": -0.2945575714111328,
  "test_rmse": 8.56818675994873,
  "test_rmse_co": 1.4176656007766724,
  "test_rmse_nox": 12.034015655517578,
  "test_rows": 14542,
  "train_rows": 17753,
  "val_mae": 3.072059392929077,
  "val_mae_co": 0.7199019193649292,
  "val_mae_nox": 5.424215793609619,
  "val_mean_nll": 5.150495036389355,
  "val_r2": 0.4110904335975647,
  "val_r2_co": 0.5181247591972351,
  "val_r2_nox": 0.3040561079978943,
  "val_rmse": 5.575414657592773,
  "val_rmse_co": 1.3254181146621704,
  "val_rmse_nox": 7.7726287841796875,
  "val_rows": 4438,
  "variant": "mlp_joint"
}
