{
  "best_epoch": 15,
  "best_val_rmse": 5.621697902679443,
  "dataset": "uci_gas_turbine_co_nox",
  "name": "gas_turbine_dual_head_detached_sigma_seed44",
  "seed": 44,
  "test_mae": 6.188960552215576,
  "test_mae_co": 0.8661128282546997,
  "test_mae_nox": 11.511808395385742,
  "test_mean_nll": 8.94565069950008,
  "test_r2": 0.08697929978370667,
  "test_r2_co": 0.5990334153175354,
  "test_r2_nox": -0.42507481575012207,
  "test_rmse": 8.98165512084961,
  "test_rmse_co": 1.3863450288772583,
  "test_rmse_nox": 12.62608528137207,
  "test_rows": 14542,
  "train_rows": 17753,
  "val_mae": 3.187991142272949,
  "val_mae_co": 0.7620913982391357,
  "val_mae_nox": 5.613894462585449,
  "val_mean_nll": 4.918229036294287,
  "val_r2": 0.3991021513938904,
  "val_r2_co": 0.5055601000785828,
  "val_r2_nox": 0.292644202709198,
  "val_rmse": 5.621697902679443,
  "val_rmse_co": 1.3425867557525635,
  "val_rmse_nox": 7.836096286773682,
  "val_rows": 4438,
  "variant": "dual_head_detached_sigma"
}
