{
  "best_epoch": 6,
  "best_val_rmse": 5.592694282531738,
  "dataset": "uci_gas_turbine_co_nox",
  "name": "gas_turbine_dual_head_query_concat_sigma_seed43",
  "seed": 43,
  "test_mae": 6.187613010406494,
  "test_mae_co": 0.8567360639572144,
  "test_mae_nox": 11.518488883972168,
  "test_mean_nll": 9.593197206534853,
  "test_r2": 0.07389074563980103,
  "test_r2_co": 0.5883270502090454,
  "test_r2_nox": -0.44054555892944336,
  "test_rmse": 9.031116485595703,
  "test_rmse_co": 1.4047318696975708,
  "test_rmse_nox": 12.694436073303223,
  "test_rows": 14542,
  "train_rows": 17753,
  "val_mae": 3.0737781524658203,
  "val_mae_co": 0.7134362459182739,
  "val_mae_nox": 5.434116363525391,
  "val_mean_nll": 5.139320760406087,
  "val_r2": 0.41607412695884705,
  "val_r2_co": 0.5331709980964661,
  "val_r2_nox": 0.298977255821228,
  "val_rmse": 5.592694282531738,
  "val_rmse_co": 1.3045613765716553,
  "val_rmse_nox": 7.800938606262207,
  "val_rows": 4438,
  "variant": "dual_head_query_concat_sigma"
}
