{
  "best_epoch": 1,
  "best_val_rmse": 7.348962306976318,
  "dataset": "uci_gas_turbine_co_nox",
  "name": "gas_turbine_frozen_mu_sigma_mlp_seed44",
  "seed": 44,
  "test_mae": 4.068179607391357,
  "test_mae_co": 1.4576067924499512,
  "test_mae_nox": 6.678758144378662,
  "test_mean_nll": 13.193970835182196,
  "test_r2": 0.2118811309337616,
  "test_r2_co": 0.14736467599868774,
  "test_r2_nox": 0.27639758586883545,
  "test_rmse": 6.5204949378967285,
  "test_rmse_co": 2.0216171741485596,
  "test_rmse_nox": 8.997044563293457,
  "test_rows": 14542,
  "train_rows": 17753,
  "val_mae": 4.282905578613281,
  "val_mae_co": 0.8034427762031555,
  "val_mae_nox": 7.762371063232422,
  "val_mean_nll": 5.4070040905257235,
  "val_r2": 0.13030561804771423,
  "val_r2_co": 0.4831942915916443,
  "val_r2_nox": -0.22258305549621582,
  "val_rmse": 7.348962306976318,
  "val_rmse_co": 1.3726166486740112,
  "val_rmse_nox": 10.301962852478027,
  "val_rows": 4438,
  "variant": "frozen_mu_sigma_mlp"
}
