{
  "best_epoch": 6,
  "best_val_rmse": 5.568811893463135,
  "dataset": "uci_gas_turbine_co_nox",
  "name": "gas_turbine_mlp_joint_seed43",
  "seed": 43,
  "test_mae": 6.226566791534424,
  "test_mae_co": 0.8407048583030701,
  "test_mae_nox": 11.612448692321777,
  "test_mean_nll": 8.99978127162063,
  "test_r2": 0.0692744255065918,
  "test_r2_co": 0.5921269655227661,
  "test_r2_nox": -0.4535781145095825,
  "test_rmse": 9.070876121520996,
  "test_rmse_co": 1.3982335329055786,
  "test_rmse_nox": 12.751729011535645,
  "test_rows": 14542,
  "train_rows": 17753,
  "val_mae": 3.0931968688964844,
  "val_mae_co": 0.6998190879821777,
  "val_mae_nox": 5.486581325531006,
  "val_mean_nll": 5.0635426776913715,
  "val_r2": 0.41977474093437195,
  "val_r2_co": 0.5344846844673157,
  "val_r2_nox": 0.3050647974014282,
  "val_rmse": 5.568811893463135,
  "val_rmse_co": 1.3027244806289673,
  "val_rmse_nox": 7.766993999481201,
  "val_rows": 4438,
  "variant": "mlp_joint"
}
