variant,seeds,test_rmse_mean,test_rmse_std,test_mae_mean,test_mae_std,test_r2_mean,test_r2_std,test_mean_nll_mean,test_mean_nll_std,runtime_seconds_mean,runtime_seconds_std,best_epoch_mean,test_rmse_co_mean,test_rmse_nox_mean,test_r2_co_mean,test_r2_nox_mean,description
frozen_mu_sigma_mlp,3,6.5204949378967285,0.0,4.068179607391357,0.0,0.2118811309337616,0.0,11.81650148025919,1.299269682344479,1.564,0.0219317121994614,1.0,2.0216171741485596,8.997044563293457,0.14736467599868774,0.27639758586883545,Uses a frozen linear mean regressor for mu and learns only sigma with a 3-layer MLP. This adapts the fixed-mu idea to tabular regression where inputs and targets do not share a space.
mlp_joint,3,8.80837885538737,0.2520858763185323,6.030755360921224,0.17770087685009414,0.110088050365448,0.0375182829692531,8.742918809162491,0.2239201259277624,2.839,1.139996052624745,6.0,1.400904377301534,12.377830505371094,0.5905334949493408,-0.3703573942184448,One 3-layer MLP jointly predicts the target mean vector and uncertainty vector.
dual_head_detached_sigma,3,8.884190241495768,0.21308888419597508,6.095175425211589,0.16127500696408495,0.09999336798985799,0.03450237922878803,9.495697571309769,0.5697978099510793,3.099,0.7313911402252561,9.666666666666666,1.3945379654566448,12.48647658030192,0.5942680438359579,-0.3942813078562419,Separate mu and sigma heads; sigma is trained against a detached copy of mu.
dual_head_query_concat_sigma,3,8.884190241495768,0.21308888419597508,6.095175425211589,0.16127500696408495,0.09999336798985799,0.03450237922878803,8.844422194338483,0.7327185566519271,3.1323333333333334,0.7184958826140436,9.666666666666666,1.3945379654566448,12.48647658030192,0.5942680438359579,-0.3942813078562419,Separate heads; sigma receives the concatenation of the input features and detached mu.
