{
  "best_epoch": 8,
  "best_val_rmse": 5.588500499725342,
  "dataset": "uci_gas_turbine_co_nox",
  "name": "gas_turbine_dual_head_detached_sigma_seed42",
  "seed": 42,
  "test_mae": 5.908952713012695,
  "test_mae_co": 0.8478426933288574,
  "test_mae_nox": 10.970087051391602,
  "test_mean_nll": 9.458061650510983,
  "test_r2": 0.13911005854606628,
  "test_r2_co": 0.5954436659812927,
  "test_r2_nox": -0.31722354888916016,
  "test_rmse": 8.639799118041992,
  "test_rmse_co": 1.392536997795105,
  "test_rmse_nox": 12.138908386230469,
  "test_rows": 14542,
  "train_rows": 17753,
  "val_mae": 3.0706419944763184,
  "val_mae_co": 0.7064233422279358,
  "val_mae_nox": 5.434856414794922,
  "val_mean_nll": 5.193691128706962,
  "val_r2": 0.41475456953048706,
  "val_r2_co": 0.5292882323265076,
  "val_r2_nox": 0.30022090673446655,
  "val_rmse": 5.588500499725342,
  "val_rmse_co": 1.3099753856658936,
  "val_rmse_nox": 7.794015884399414,
  "val_rows": 4438,
  "variant": "dual_head_detached_sigma"
}
